MSOA11CD,MSOA11NM,MSOA_2011_EW_PWC_COORD_V2_BNGEAST,MSOA_2011_EW_PWC_COORD_V2_BNGNORTH,MSOA_2011_EW_PWC_COORD_V2_LONGITUDE,MSOA_2011_EW_PWC_COORD_V2_LATITUDE
E02006854,Tower Hamlets 033,537177,179927,-0.025046237,51.50164399
E02000041,Barnet 018,519769,191959,-0.271618772,51.61373123
E02000043,Barnet 020,525216,191805,-0.193048379,51.61116302
E02000868,Tower Hamlets 005,534503,183040,-0.062352211,51.5302552
E02000045,Barnet 022,528299,191218,-0.14875307,51.60519337
E02000042,Barnet 019,526247,191945,-0.17811783,51.61219159
E02000047,Barnet 024,520362,190826,-0.263441558,51.60342174
E02000044,Barnet 021,520965,191510,-0.254505438,51.6094363
E02000861,Sutton 022,526937,162910,-0.178572701,51.35109844
E02000046,Barnet 023,525529,190836,-0.188866845,51.60238415
E02000865,Tower Hamlets 002,535052,183234,-0.054375505,51.53186787
E02000863,Sutton 024,529265,162251,-0.145404648,51.34464772
E02000365,Hackney 021,533534,184480,-0.075775516,51.5434262
E02000362,Hackney 018,536515,184853,-0.032661515,51.54606886
E02000367,Hackney 023,535026,183967,-0.054462104,51.5384586
E02000364,Hackney 020,534205,184645,-0.066043725,51.54475156
E02000546,Hounslow 021,512691,174854,-0.379266909,51.46145519
E02000547,Hounslow 022,509895,174137,-0.419714246,51.45555306
E02000238,Ealing 001,514592,185177,-0.348558078,51.55384677
E02000239,Ealing 002,515936,185019,-0.329236972,51.55215982
E02000230,Croydon 037,531587,161721,-0.112286627,51.33935204
E02000231,Croydon 038,530121,160901,-0.133620988,51.33232602
E02000232,Croydon 039,534712,160296,-0.067991199,51.32582302
E02000233,Croydon 040,531892,160242,-0.108459209,51.3259964
E02000234,Croydon 041,530552,159832,-0.127818081,51.32261889
E02000235,Croydon 042,532822,159682,-0.095322319,51.32074924
E02000236,Croydon 043,528927,159167,-0.151368499,51.3170137
E02000237,Croydon 044,531277,157743,-0.118188962,51.30367516
E02000953,Wandsworth 031,526387,172346,-0.183112603,51.43602219
E02000950,Wandsworth 028,524053,172932,-0.216473624,51.44180827
E02000954,Wandsworth 032,527840,172010,-0.162348358,51.43267961
E02000955,Wandsworth 033,527766,171695,-0.163523252,51.42986304
E02000956,Wandsworth 034,526977,171552,-0.174917172,51.4287597
E02000957,Wandsworth 035,527701,171071,-0.164681886,51.4242662
E02000678,Lewisham 026,539767,172464,0.009296737,51.43394233
E02000679,Lewisham 027,535883,172376,-0.04656772,51.43409981
E02000670,Lewisham 018,538134,173773,-0.013664882,51.44610837
E02000671,Lewisham 019,536200,173773,-0.041481613,51.44657117
E02000672,Lewisham 020,537387,173713,-0.024437877,51.44574488
E02000673,Lewisham 021,535249,173536,-0.055246607,51.44467423
E02000674,Lewisham 022,538934,173258,-0.002356578,51.44128002
E02000675,Lewisham 023,540383,173266,0.018468572,51.44099792
E02000676,Lewisham 024,536197,172982,-0.041820627,51.43947113
E02000677,Lewisham 025,538192,172909,-0.013173687,51.43832657
E02000867,Tower Hamlets 004,537133,183132,-0.02442567,51.53044686
E02000864,Tower Hamlets 001,536770,183632,-0.029458912,51.53502887
E02000139,Bromley 013,536093,169442,-0.044681286,51.40767745
E02000866,Tower Hamlets 003,536318,183168,-0.036152052,51.53096764
E02000959,Wandsworth 037,529263,170899,-0.1422965,51.42237088
E02000138,Bromley 012,537989,169498,-0.017411664,51.4077284
E02000958,Wandsworth 036,528777,171070,-0.14921914,51.42401516
E02000131,Bromley 005,534244,170366,-0.0709021,51.41642313
E02000133,Bromley 007,543083,169917,0.055938568,51.410234
E02000130,Bromley 004,535647,170587,-0.050652931,51.41807769
E02000135,Bromley 009,534981,169929,-0.060477374,51.41232594
E02000132,Bromley 006,537208,170176,-0.028368798,51.41400546
E02000137,Bromley 011,539025,169376,-0.002579855,51.40637292
E02000134,Bromley 008,540295,169983,0.015914777,51.41152188
E02000951,Wandsworth 029,528127,172590,-0.158002166,51.43782314
E02000136,Bromley 010,545781,169466,0.094532748,51.40549103
E02000707,Merton 019,530077,168245,-0.131567548,51.39833418
E02000786,Richmond upon Thames 003,521395,175899,-0.25368127,51.46904225
E02000706,Merton 018,527364,168988,-0.170276479,51.40562775
E02000787,Richmond upon Thames 004,519245,175806,-0.284648646,51.46866884
E02000468,Havering 005,549601,191502,0.158739217,51.6024947
E02000469,Havering 006,553081,191117,0.208779758,51.59810107
E02000460,Harrow 028,513295,186629,-0.366793252,51.56715918
E02000461,Harrow 029,515165,186682,-0.339809189,51.56726441
E02000462,Harrow 030,513835,185946,-0.359224067,51.5609195
E02000463,Harrow 031,512770,185822,-0.37461957,51.56001104
E02000464,Havering 001,553728,192702,0.21881716,51.61216469
E02000465,Havering 002,554998,191930,0.236801148,51.6048786
E02000466,Havering 003,550509,191870,0.172009246,51.60555827
E02000467,Havering 004,553712,191798,0.218188848,51.6040457
E02000558,Islington 005,530954,186513,-0.112200016,51.56229652
E02000559,Islington 006,531680,186206,-0.101848254,51.55937599
E02000709,Merton 021,524233,168031,-0.215592683,51.39771744
E02000788,Richmond upon Thames 005,520399,175445,-0.268172424,51.46517412
E02000708,Merton 020,522778,168002,-0.236516013,51.39777645
E02000789,Richmond upon Thames 006,518621,174834,-0.293949379,51.46006361
E02000701,Merton 013,528116,169419,-0.15931671,51.40933469
E02000780,Redbridge 030,544364,186162,0.080980217,51.55587373
E02000700,Merton 012,526631,169377,-0.18066844,51.40928356
E02000781,Redbridge 031,545450,185985,0.096564384,51.55400632
E02000703,Merton 015,525123,169055,-0.202446037,51.40673032
E02000782,Redbridge 032,543769,185616,0.0721865,51.55111844
E02000702,Merton 014,528817,169246,-0.149307586,51.40761499
E02000783,Redbridge 033,544190,185167,0.078075294,51.54697614
E02000705,Merton 017,529568,169045,-0.138588513,51.40564242
E02000784,Richmond upon Thames 001,522355,177206,-0.239409061,51.4805878
E02000704,Merton 016,523272,169098,-0.22903836,51.40751508
E02000785,Richmond upon Thames 002,519016,176595,-0.287678984,51.47580399
E02000282,Enfield 006,535164,197857,-0.047121719,51.66324938
E02000203,Croydon 010,532323,168156,-0.099328332,51.39701176
E02000283,Enfield 007,535886,197555,-0.036819253,51.66035516
E02000202,Croydon 009,531518,168335,-0.110822272,51.39881364
E02000204,Croydon 011,531066,167901,-0.117484192,51.39501494
E02000284,Enfield 008,532464,197401,-0.086314511,51.65978752
E02000207,Croydon 014,534415,167427,-0.069556879,51.38997532
E02000285,Enfield 009,533466,197350,-0.071850916,51.65909863
E02000206,Croydon 013,532891,167601,-0.091384224,51.39189574
E02000286,Enfield 010,531696,197056,-0.097542901,51.65686985
E02000369,Hackney 025,533273,183660,-0.079841262,51.53611971
E02000287,Enfield 011,527852,196737,-0.153190926,51.65489148
E02000361,Hackney 017,534938,184981,-0.055349793,51.54759957
E02000368,Hackney 024,534154,183711,-0.067133616,51.53637078
E02000363,Hackney 019,535569,184822,-0.046308384,51.54601768
E02000360,Hackney 016,534316,185334,-0.064170624,51.55091926
E02000550,Hounslow 025,510151,173005,-0.416385287,51.44533264
E02000551,Hounslow 026,512446,172407,-0.383571398,51.43950534
E02000552,Hounslow 027,509823,172107,-0.421377384,51.43732665
E02000553,Hounslow 028,511931,171528,-0.391251549,51.43170803
E02000554,Islington 001,530235,187428,-0.122222632,51.57069129
E02000555,Islington 002,529652,187177,-0.130727107,51.56856929
E02000556,Islington 003,530511,186885,-0.118441785,51.56574861
E02000557,Islington 004,529272,186548,-0.13643033,51.56300646
E02000288,Enfield 012,535206,196309,-0.047118096,51.64932488
E02000209,Croydon 016,530646,167008,-0.123843141,51.38708593
E02000289,Enfield 013,530302,196141,-0.118019018,51.64897444
E02000208,Croydon 015,531821,167121,-0.106925146,51.38783196
E02000280,Enfield 004,532581,198107,-0.08435835,51.66610381
E02000201,Croydon 008,534372,168456,-0.069776357,51.39922989
E02000281,Enfield 005,534130,197947,-0.062039203,51.66430406
E02000200,Croydon 007,533621,168696,-0.080475617,51.40156564
E02000026,Barnet 003,527532,196140,-0.158036731,51.64959749
E02000841,Sutton 002,526340,166448,-0.185884761,51.38303165
E02000843,Sutton 004,528097,166013,-0.160811692,51.37872291
E02000840,Sutton 001,527292,166778,-0.172096737,51.38577789
E02000845,Sutton 006,522695,165999,-0.238393643,51.37978983
E02000842,Sutton 003,524661,166195,-0.210094474,51.38112402
E02000847,Sutton 008,523226,165468,-0.230954246,51.37490834
E02000844,Sutton 005,527365,165819,-0.171389524,51.37714753
E02000198,Croydon 005,532299,169104,-0.099323984,51.40554251
E02000846,Sutton 007,525753,165537,-0.19464061,51.37497124
E02000199,Croydon 006,532783,168847,-0.092461684,51.4031186
E02000119,Brent 027,520692,183937,-0.261043653,51.54143365
E02000939,Wandsworth 017,528124,174292,-0.157443604,51.4531212
E02000118,Brent 026,518643,184217,-0.290487798,51.54438543
E02000111,Brent 019,517744,185006,-0.303176642,51.55166601
E02000190,Camden 025,530190,182522,-0.124685141,51.52660876
E02000374,Hammersmith and Fulham 003,522209,180383,-0.240417394,51.50917166
E02000375,Hammersmith and Fulham 004,523176,180207,-0.226551252,51.50737409
E02000376,Hammersmith and Fulham 005,522863,179813,-0.231194478,51.50390978
E02000377,Hammersmith and Fulham 006,522225,179785,-0.240388618,51.50379166
E02000028,Barnet 005,526182,195560,-0.177748895,51.64469313
E02000029,Barnet 006,527101,195397,-0.16452801,51.64301608
E02000848,Sutton 009,524134,165047,-0.218060616,51.37091904
E02000849,Sutton 010,528701,164859,-0.152557644,51.36821395
E02000020,Barking and Dagenham 019,545363,183615,0.094335797,51.53273288
E02000021,Barking and Dagenham 020,549589,183619,0.155212371,51.53166755
E02000023,Barking and Dagenham 022,546462,183149,0.109978396,51.52826327
E02006836,Sutton 025,525137,162331,-0.20462325,51.34629691
E02000025,Barnet 002,525934,196379,-0.181030108,51.65210887
E02000022,Barking and Dagenham 021,544519,183531,0.082145125,51.5321926
E02000027,Barnet 004,524383,195563,-0.203730652,51.64511956
E02000024,Barnet 001,524353,196580,-0.203799635,51.65426708
E02000933,Wandsworth 011,523071,175110,-0.229842674,51.46159217
E02000930,Wandsworth 008,527525,175617,-0.165575173,51.46516066
E02000935,Wandsworth 013,521758,174323,-0.248991653,51.45480798
E02000932,Wandsworth 010,524785,175086,-0.205189178,51.4610008
E02000937,Wandsworth 015,527527,174474,-0.165954328,51.45489305
E02000934,Wandsworth 012,526620,175083,-0.178790998,51.46056865
E02000659,Lewisham 007,538475,176136,-0.00784066,51.46726151
E02000936,Wandsworth 014,524077,174514,-0.215579304,51.45601903
E02000651,Lambeth 034,530268,170422,-0.12801655,51.41785181
E02000658,Lewisham 006,535723,176590,-0.047260971,51.47200223
E02000653,Lewisham 001,536305,178553,-0.038129481,51.48949974
E02000650,Lambeth 033,533101,171137,-0.087030638,51.42361938
E02000655,Lewisham 003,535702,177426,-0.047234694,51.47951819
E02000652,Lambeth 035,529586,170127,-0.137932807,51.41536367
E02000657,Lewisham 005,536757,176585,-0.032380013,51.47170547
E02000654,Lewisham 002,536764,177846,-0.03178993,51.48303718
E02000191,Camden 026,529507,182033,-0.134703098,51.52237256
E02000938,Wandsworth 016,522920,174308,-0.232284116,51.45442078
E02000192,Camden 027,530979,182007,-0.113507654,51.5217968
E02000110,Brent 018,522733,185255,-0.231172054,51.55284424
E02000193,Camden 028,530247,181536,-0.124229165,51.51773617
E02000113,Brent 021,520527,184782,-0.263133671,51.54906707
E02000194,Croydon 001,533166,170294,-0.086410437,51.41603143
E02000112,Brent 020,518854,185057,-0.287161423,51.55189083
E02000195,Croydon 002,531945,170219,-0.10398943,51.41563887
E02000115,Brent 023,524153,184624,-0.210923748,51.54686413
E02000196,Croydon 003,531202,169426,-0.114965968,51.40868583
E02000114,Brent 022,522870,184674,-0.229404457,51.54758907
E02000197,Croydon 004,530461,169213,-0.125696051,51.40694839
E02000117,Brent 025,521433,184271,-0.250258149,51.54427905
E02000931,Wandsworth 009,528029,175272,-0.158447858,51.46195229
E02000116,Brent 024,522321,184717,-0.237297163,51.54809511
E02000796,Richmond upon Thames 013,513165,173500,-0.372875516,51.4491891
E02000714,Newham 001,540344,185654,0.022833221,51.55232359
E02000797,Richmond upon Thames 014,515898,173271,-0.333639518,51.44658165
E02000717,Newham 004,542293,185413,0.050830578,51.54967619
E02000479,Havering 016,551965,188090,0.191378845,51.57120066
E02000716,Newham 003,541799,185542,0.04375826,51.55095161
E02000471,Havering 008,551194,190597,0.18133717,51.59393866
E02000478,Havering 015,554646,188209,0.230087536,51.5715464
E02000473,Havering 010,554261,189724,0.225192331,51.5852614
E02000470,Havering 007,554933,190885,0.235400197,51.59551151
E02000475,Havering 012,553073,189446,0.207947333,51.58309105
E02000472,Havering 009,550374,190321,0.169387459,51.59167519
E02000477,Havering 014,552992,188375,0.206312189,51.57349019
E02000474,Havering 011,549936,189461,0.162700857,51.58406378
E02000529,Hounslow 004,512839,177972,-0.376146516,51.48945068
E02000476,Havering 013,551208,188970,0.180846816,51.5793182
E02000798,Richmond upon Thames 015,514437,172747,-0.354830732,51.44216054
E02000626,Lambeth 009,531758,176244,-0.104439598,51.46983305
E02000799,Richmond upon Thames 016,515622,172443,-0.337882917,51.43918832
E02000719,Newham 006,539622,185258,0.012279861,51.54894342
E02000790,Richmond upon Thames 007,516650,174531,-0.322415183,51.45774563
E02000718,Newham 005,543092,185181,0.062246992,51.54738872
E02000791,Richmond upon Thames 008,518222,174462,-0.299816227,51.45679955
E02000711,Merton 023,525916,168042,-0.191413715,51.3974472
E02000792,Richmond upon Thames 009,517289,174151,-0.313340643,51.45419741
E02000710,Merton 022,527158,168015,-0.173576874,51.39692475
E02000793,Richmond upon Thames 010,514043,174049,-0.360066881,51.45394429
E02000713,Merton 025,523948,166791,-0.220128509,51.38663813
E02000794,Richmond upon Thames 011,515663,173937,-0.336809027,51.45261403
E02000712,Merton 024,525639,167184,-0.195695683,51.38979737
E02000795,Richmond upon Thames 012,518616,173133,-0.294600467,51.44477961
E02000715,Newham 002,542933,185659,0.060148481,51.55172257
E02000293,Enfield 017,531848,195533,-0.095922651,51.64315167
E02000212,Croydon 019,531395,166568,-0.113242334,51.38295569
E02000294,Enfield 018,535306,195173,-0.046116434,51.6390891
E02000215,Croydon 022,533468,166155,-0.083635175,51.37876817
E02000295,Enfield 019,530279,195060,-0.118754162,51.63926204
E02000214,Croydon 021,534586,166348,-0.067503658,51.38023992
E02000296,Enfield 020,529226,195041,-0.13397539,51.6393356
E02000217,Croydon 024,531720,165330,-0.109042771,51.37175478
E02000297,Enfield 021,532999,194785,-0.079583642,51.63615279
E02000216,Croydon 023,533521,165355,-0.083168064,51.37156313
E02000378,Hammersmith and Fulham 007,523624,179593,-0.220312454,51.50176666
E02000379,Hammersmith and Fulham 008,521714,179527,-0.247836979,51.50158049
E02000370,Hackney 026,532558,183172,-0.090329445,51.53190301
E02000371,Hackney 027,533134,182910,-0.082131469,51.52941585
E02000372,Hammersmith and Fulham 001,522228,181229,-0.239849768,51.51677217
E02000373,Hammersmith and Fulham 002,522702,180795,-0.233166424,51.51276775
E02000521,Hillingdon 028,507339,179414,-0.454889125,51.50348025
E02000528,Hounslow 003,518172,178056,-0.299331164,51.4891102
E02000523,Hillingdon 030,509478,178965,-0.424225925,51.49903094
E02000520,Hillingdon 027,509829,180246,-0.418772121,51.51047432
E02000525,Hillingdon 032,509138,177835,-0.429462182,51.48894436
E02000522,Hillingdon 029,506149,179422,-0.472029045,51.50377438
E02000526,Hounslow 001,521527,178566,-0.250865139,51.49298345
E02000524,Hillingdon 031,506383,177832,-0.469130635,51.48944089
E02000298,Enfield 022,531526,194456,-0.100976606,51.63355026
E02000219,Croydon 026,536172,165486,-0.04506019,51.37211307
E02000299,Enfield 023,534855,194333,-0.052954901,51.63165134
E02000218,Croydon 025,537284,165206,-0.029195403,51.36932753
E02000290,Enfield 014,535922,196049,-0.036870725,51.64681621
E02000211,Croydon 018,536108,166907,-0.045433044,51.38489953
E02000213,Croydon 020,532318,166524,-0.100010221,51.3823482
E02000210,Croydon 017,533847,166851,-0.077923615,51.38492998
E02000039,Barnet 016,521647,192241,-0.244408839,51.61586278
E02000346,Hackney 002,532349,187583,-0.091686061,51.57158985
E02006801,Lambeth 036,531165,179717,-0.111689597,51.50118283
E02000038,Barnet 015,527838,192254,-0.155029095,51.61460581
E02006882,Harrow 033,516958,189375,-0.313057045,51.59109419
E02006800,Redbridge 034,546201,186934,0.107785594,51.56234409
E02000859,Sutton 020,528513,163308,-0.155819824,51.35432477
E02006802,Southwark 034,531649,179442,-0.104810859,51.49859655
E02000031,Barnet 008,526520,194148,-0.173379164,51.63192796
E02000858,Sutton 019,530177,163470,-0.13187723,51.35539847
E02000033,Barnet 010,528163,193712,-0.149817905,51.62763438
E02000030,Barnet 007,523181,195394,-0.22115536,51.64386039
E02000035,Barnet 012,525929,192921,-0.182358072,51.62103512
E02000032,Barnet 009,528794,194216,-0.140520799,51.6320219
E02000037,Barnet 014,519154,192898,-0.280175569,51.62229606
E02000034,Barnet 011,527256,193226,-0.1630902,51.62347247
E02000530,Hounslow 005,511546,177716,-0.394834855,51.48740307
E02000531,Hounslow 006,517366,177938,-0.310987151,51.48821937
E02000532,Hounslow 007,520843,177760,-0.260986711,51.48589137
E02000533,Hounslow 008,519780,177731,-0.276303363,51.4858571
E02000534,Hounslow 009,515627,177116,-0.336284246,51.48119462
E02000535,Hounslow 010,512007,177012,-0.388425031,51.48098134
E02000536,Hounslow 011,512994,176807,-0.374282458,51.47894634
E02000537,Hounslow 012,514271,176651,-0.355950882,51.47728809
E02000341,Greenwich 029,541534,173917,0.035288402,51.44655846
E02000348,Hackney 004,533904,187383,-0.069334941,51.56942923
E02000343,Greenwich 031,542859,172432,0.053734728,51.43288139
E02000340,Greenwich 028,543469,174082,0.063171718,51.4475601
E02000345,Hackney 001,533850,187900,-0.069908973,51.57408545
E02000342,Greenwich 030,544669,173825,0.080332083,51.44494803
E02000347,Hackney 003,533107,187455,-0.080795667,51.57026494
E02000344,Greenwich 032,543794,172442,0.067181846,51.43273926
E02000983,Westminster 024,529468,178077,-0.136717199,51.48683092
E02000903,Waltham Forest 009,536335,190613,-0.033025736,51.59787286
E02000905,Waltham Forest 011,537356,190171,-0.018468191,51.59364965
E02000902,Waltham Forest 008,537870,191487,-0.010535809,51.60535341
E02000907,Waltham Forest 013,538254,189598,-0.005742204,51.58828118
E02000904,Waltham Forest 010,538362,190404,-0.003858638,51.59549288
E02000629,Lambeth 012,529713,175880,-0.133994549,51.46703464
E02000906,Waltham Forest 012,536730,189826,-0.027640066,51.5907008
E02000621,Lambeth 004,530484,177475,-0.12231236,51.48118431
E02000628,Lambeth 011,531169,175964,-0.113019026,51.46744722
E02000623,Lambeth 006,530302,176978,-0.125126124,51.47676165
E02000620,Lambeth 003,531059,178279,-0.113740205,51.48827741
E02000625,Lambeth 008,529883,176391,-0.131360699,51.47158809
E02000622,Lambeth 005,531190,177318,-0.112219267,51.4796151
E02000627,Lambeth 010,530507,176058,-0.122511368,51.4684497
E02000624,Lambeth 007,531168,176888,-0.112690651,51.4757543
E02000036,Barnet 013,520294,192989,-0.263689797,51.62287561
E02000851,Sutton 012,526049,164739,-0.190683242,51.3677322
E02000853,Sutton 014,525069,164584,-0.20480101,51.36655559
E02000850,Sutton 011,530118,164821,-0.132225859,51.36755463
E02000855,Sutton 016,524252,163821,-0.216794832,51.35987798
E02000852,Sutton 013,526753,164627,-0.180613598,51.366571
E02000857,Sutton 018,525554,163594,-0.198184867,51.35755431
E02000854,Sutton 015,527596,164241,-0.168645025,51.36290897
E02000909,Waltham Forest 015,538365,188975,-0.004386662,51.58265784
E02000856,Sutton 017,529142,163843,-0.146592541,51.35898808
E02000980,Westminster 021,529772,178700,-0.132116174,51.49235691
E02000908,Waltham Forest 014,536081,189589,-0.037092266,51.5887261
E02000981,Westminster 022,529140,178419,-0.141322933,51.48998025
E02000901,Waltham Forest 007,538767,191730,0.002507423,51.60731412
E02000982,Westminster 023,528655,178299,-0.148341935,51.48901209
E02000900,Waltham Forest 006,536868,192188,-0.024718071,51.61189341
E02000820,Southwark 014,531830,178300,-0.102639032,51.48829066
E02000821,Southwark 015,533211,178225,-0.082780427,51.48729145
E02000822,Southwark 016,532691,178163,-0.090290863,51.4868577
E02000823,Southwark 017,532145,177708,-0.098317861,51.48289495
E02000824,Southwark 018,534388,177509,-0.066110623,51.48058475
E02000825,Southwark 019,533544,177235,-0.078367235,51.47831424
E02000826,Southwark 020,532976,177052,-0.086604917,51.4768027
E02000827,Southwark 021,532262,177051,-0.096892112,51.47696346
E02000918,Waltham Forest 024,539541,187062,0.011825434,51.56517172
E02000919,Waltham Forest 025,538437,186653,-0.004258395,51.56177417
E02000910,Waltham Forest 016,537402,188829,-0.018325544,51.58157628
E02000911,Waltham Forest 017,536530,188805,-0.030914652,51.58157342
E02000912,Waltham Forest 018,536784,188118,-0.027515843,51.5753428
E02000913,Waltham Forest 019,538456,188037,-0.003441413,51.57420419
E02000914,Waltham Forest 020,537753,187992,-0.013600558,51.57396963
E02000915,Waltham Forest 021,539099,187727,0.005715943,51.57126438
E02000080,Bexley 016,546225,175505,0.103395018,51.45963669
E02000829,Southwark 023,535011,176755,-0.057434823,51.47365392
E02000828,Southwark 022,534372,176927,-0.066563149,51.47535327
E02000001,City of London 001,532269,181787,-0.095012341,51.51952036
E02000082,Bexley 018,545277,175262,0.089662166,51.45770408
E02000081,Bexley 017,550000,175381,0.157642775,51.45753768
E02000083,Bexley 019,551782,174863,0.183044805,51.45240632
E02000003,Barking and Dagenham 002,548374,188095,0.139605526,51.57220337
E02000084,Bexley 020,548033,174765,0.129090217,51.45251812
E02000002,Barking and Dagenham 001,547971,189394,0.134333646,51.58398117
E02000085,Bexley 021,546604,174239,0.108326293,51.4481703
E02000005,Barking and Dagenham 004,548671,186800,0.143338582,51.56048831
E02000086,Bexley 022,545683,173917,0.094940536,51.44551428
E02000004,Barking and Dagenham 003,551031,186870,0.17739297,51.56049786
E02000087,Bexley 023,549392,173787,0.148225588,51.4433773
E02000007,Barking and Dagenham 006,549499,186298,0.155053901,51.55576641
E02000635,Lambeth 018,531606,174872,-0.107138152,51.45753354
E02000632,Lambeth 015,530333,175269,-0.125310006,51.46139994
E02000637,Lambeth 020,530886,174290,-0.11770916,51.45246958
E02000634,Lambeth 017,529777,175107,-0.133359469,51.46006624
E02000449,Harrow 017,518362,189366,-0.292805673,51.59072393
E02000636,Lambeth 019,529356,174505,-0.139642343,51.45475942
E02000441,Harrow 009,511256,190408,-0.395001074,51.60153062
E02000448,Harrow 016,512209,189536,-0.38152627,51.59350988
E02000443,Harrow 011,515154,190263,-0.338793216,51.59944876
E02000440,Harrow 008,516947,190755,-0.312756908,51.60349785
E02000445,Harrow 013,515744,189863,-0.330406791,51.59573481
E02000442,Harrow 010,518920,190254,-0.284452462,51.59858532
E02000447,Harrow 015,514202,189541,-0.352767363,51.59314967
E02000444,Harrow 012,517757,190068,-0.301298513,51.59715682
E02000538,Hounslow 013,510686,176510,-0.407592771,51.47672843
E02000539,Hounslow 014,515995,176224,-0.331283066,51.47309739
E02000916,Waltham Forest 022,536793,187449,-0.02765291,51.5693309
E02000917,Waltham Forest 023,538168,187138,-0.007951684,51.56619275
E02000168,Camden 003,528937,185724,-0.141570516,51.55567139
E02000169,Camden 004,525828,185686,-0.186405438,51.55603102
E02000160,Bromley 034,539777,165249,0.006601763,51.36911065
E02000161,Bromley 035,545718,164832,0.09172376,51.36386732
E02000162,Bromley 036,544144,164504,0.069002236,51.36131975
E02000163,Bromley 037,546288,163777,0.099470966,51.35423971
E02000167,Camden 002,526731,185845,-0.173327418,51.5572577
E02000165,Bromley 039,541407,158816,0.027451828,51.31089832
E02000639,Lambeth 022,530042,173696,-0.130064369,51.44732515
E02000166,Camden 001,528534,186524,-0.147079341,51.56295562
E02000631,Lambeth 014,532181,175573,-0.098598936,51.46369989
E02000638,Lambeth 021,530412,173943,-0.124655411,51.44946268
E02000633,Lambeth 016,531015,175050,-0.115571779,51.45927286
E02000630,Lambeth 013,528939,175686,-0.14520218,51.46546789
E02000455,Harrow 023,515878,188353,-0.32898207,51.58213242
E02000452,Harrow 020,515299,188801,-0.337179385,51.58627867
E02000457,Harrow 025,513170,187705,-0.368253985,51.57685469
E02000454,Harrow 022,512066,188384,-0.383960173,51.58317851
E02000588,Kensington and Chelsea 012,527673,179053,-0.162205975,51.49600985
E02000456,Harrow 024,514339,187941,-0.351314539,51.57874403
E02000589,Kensington and Chelsea 013,525787,178838,-0.189437624,51.49450123
E02000509,Hillingdon 016,505360,183151,-0.482274198,51.53743828
E02000580,Kensington and Chelsea 004,524645,181343,-0.204991221,51.51726805
E02000508,Hillingdon 015,505905,183472,-0.47431884,51.54021804
E02000581,Kensington and Chelsea 005,524017,180811,-0.214223677,51.51261824
E02000501,Hillingdon 008,510914,186976,-0.401021897,51.57075649
E02000582,Kensington and Chelsea 006,525113,180698,-0.198473243,51.51136841
E02000500,Hillingdon 007,509587,187594,-0.41996638,51.57657141
E02000583,Kensington and Chelsea 007,524406,180651,-0.208685133,51.51109963
E02000503,Hillingdon 010,510571,186311,-0.406181268,51.56484425
E02000607,Kingston upon Thames 010,518943,167902,-0.291646917,51.39769264
E02000685,Lewisham 033,534845,171736,-0.061743864,51.42859414
E02000606,Kingston upon Thames 009,518116,168249,-0.303412585,51.40098675
E02000686,Lewisham 034,537338,171592,-0.025953727,51.42670245
E02000769,Redbridge 019,547227,188376,0.123187064,51.57503229
E02000687,Lewisham 035,535836,171481,-0.047597135,51.42606725
E02000760,Redbridge 010,543831,190291,0.0749987,51.59311284
E02000768,Redbridge 018,540891,188342,0.031804394,51.57633951
E02000762,Redbridge 012,543145,189056,0.064589028,51.58218635
E02000763,Redbridge 013,545282,188920,0.095353546,51.58042062
E02000764,Redbridge 014,540260,188989,0.02295486,51.58231537
E02000765,Redbridge 015,543632,188787,0.071509844,51.57964787
E02000459,Harrow 027,514197,186824,-0.353725466,51.56872939
E02000767,Redbridge 017,544361,188657,0.081967553,51.57829902
E02000453,Harrow 021,514277,188635,-0.351988191,51.58499535
E02000451,Harrow 019,513161,188814,-0.368018291,51.58683139
E02000266,Ealing 029,513862,180122,-0.360717938,51.50856452
E02000267,Ealing 030,515444,179970,-0.33798142,51.50688092
E02000358,Hackney 014,533502,185693,-0.075766302,51.55433355
E02000359,Hackney 015,535924,185553,-0.040907498,51.55250228
E02000350,Hackney 006,534029,186775,-0.067768603,51.56393388
E02000351,Hackney 007,531981,186759,-0.097293056,51.56427077
E02000352,Hackney 008,532893,186706,-0.084165049,51.56358361
E02000353,Hackney 009,533499,186408,-0.075536824,51.5607639
E02000354,Hackney 010,534558,186076,-0.060400408,51.55752926
E02000355,Hackney 011,535276,185924,-0.050113545,51.55598752
E02000356,Hackney 012,532832,185848,-0.085368843,51.55588142
E02000357,Hackney 013,536211,185747,-0.036701765,51.55417524
E02000009,Barking and Dagenham 008,547019,185763,0.119085662,51.55160363
E02000088,Bexley 024,547598,173333,0.122240962,51.43976833
E02000008,Barking and Dagenham 007,548115,185919,0.134953802,51.55272025
E02000089,Bexley 025,545103,172988,0.086223235,51.43730993
E02000584,Kensington and Chelsea 008,525338,180033,-0.195472969,51.50533928
E02000502,Hillingdon 009,509443,186422,-0.422414773,51.5660662
E02000504,Hillingdon 011,507554,186219,-0.44971409,51.56460325
E02000585,Kensington and Chelsea 009,524377,179528,-0.209491284,51.5010143
E02000507,Hillingdon 014,508057,184092,-0.443110592,51.54538602
E02000586,Kensington and Chelsea 010,526137,179304,-0.184233295,51.49861094
E02000506,Hillingdon 013,506963,184941,-0.458624511,51.5532275
E02000587,Kensington and Chelsea 011,525311,179186,-0.196163167,51.4977373
E02000268,Ealing 031,518008,179770,-0.301127893,51.50455686
E02000269,Ealing 032,516976,179734,-0.315996134,51.50444548
E02000260,Ealing 023,513010,180600,-0.372840404,51.5130338
E02000261,Ealing 024,521411,180439,-0.251883659,51.50984753
E02000262,Ealing 025,520257,180340,-0.2685394,51.50920103
E02000263,Ealing 026,512213,180365,-0.384387544,51.51108144
E02000264,Ealing 027,519116,180319,-0.284982156,51.50925834
E02000265,Ealing 028,516360,180208,-0.324710725,51.50882726
E02000011,Barking and Dagenham 010,550254,185071,0.165412171,51.54453306
E02000090,Bexley 026,545866,172194,0.096876103,51.42998466
E02000091,Bexley 027,546857,171895,0.110993843,51.42703627
E02000838,Southwark 032,534364,173972,-0.067811377,51.44880151
E02000092,Bexley 028,548002,171183,0.127155824,51.42034723
E02000010,Barking and Dagenham 009,549156,185344,0.149712447,51.54727686
E02000012,Barking and Dagenham 011,545702,184878,0.09974572,51.54399129
E02000013,Barking and Dagenham 012,547208,184746,0.121391681,51.54242105
E02000015,Barking and Dagenham 014,549930,184481,0.160500512,51.53932037
E02000093,Brent 001,519657,189748,-0.273991925,51.59388207
E02000014,Barking and Dagenham 013,548913,184471,0.145841021,51.5395026
E02000094,Brent 002,520748,189029,-0.258494188,51.58718779
E02000017,Barking and Dagenham 016,544812,184395,0.086720009,51.53988295
E02000095,Brent 003,519190,188707,-0.281079942,51.58462172
E02000016,Barking and Dagenham 015,543991,184406,0.074892704,51.54019238
E02000096,Brent 004,517628,188248,-0.303765738,51.5808234
E02000277,Enfield 001,535904,199391,-0.035832766,51.67684953
E02000274,Ealing 037,511908,179117,-0.389181044,51.49991879
E02000329,Greenwich 017,545038,177361,0.087079023,51.47662256
E02000276,Ealing 039,517463,178855,-0.309279445,51.49644032
E02000321,Greenwich 009,544339,178400,0.077444864,51.48613613
E02000328,Greenwich 016,539938,177648,0.013813137,51.48048403
E02000323,Greenwich 011,543851,178084,0.07029429,51.48342461
E02000320,Greenwich 008,546781,178564,0.112669281,51.48698651
E02000327,Greenwich 015,543355,177710,0.063008923,51.480183
E02000324,Greenwich 012,541508,177951,0.036518892,51.48281318
E02000019,Barking and Dagenham 018,547990,184035,0.132361362,51.53582863
E02000326,Greenwich 014,540918,177832,0.02797871,51.48189728
E02000018,Barking and Dagenham 017,546754,184222,0.114633959,51.53783066
E02000098,Brent 006,518810,187453,-0.286980091,51.5734309
E02000839,Southwark 033,533485,171913,-0.081219983,51.43050569
E02000099,Brent 007,517867,186937,-0.300758304,51.56899362
E02000177,Camden 012,528175,184659,-0.152942404,51.54628013
E02000174,Camden 009,529371,185019,-0.13556759,51.54923711
E02000609,Kingston upon Thames 012,521157,167062,-0.260122077,51.38967245
E02000176,Camden 011,527105,184793,-0.168313731,51.54772405
E02000608,Kingston upon Thames 011,517832,167405,-0.307770784,51.39345428
E02000689,Merton 001,525338,172241,-0.198232146,51.43530798
E02000680,Lewisham 028,534869,172391,-0.061142537,51.43447038
E02000601,Kingston upon Thames 004,518439,170004,-0.298185136,51.41669208
E02000681,Lewisham 029,537082,172429,-0.029318429,51.43428627
E02000600,Kingston upon Thames 003,519407,170154,-0.284229192,51.41783149
E02000682,Lewisham 030,538711,172116,-0.006018452,51.43107693
E02000603,Kingston upon Thames 006,519983,168945,-0.276348349,51.40684787
E02000683,Lewisham 031,541319,172083,0.03146619,51.43013651
E02000602,Kingston upon Thames 005,519001,169132,-0.290395535,51.4087374
E02000604,Kingston upon Thames 007,521518,168457,-0.254459273,51.40213897
E02000605,Kingston upon Thames 008,520708,168364,-0.26612512,51.40146925
E02000831,Southwark 025,534038,176053,-0.071699819,51.46757822
E02000097,Brent 005,520560,187732,-0.261654425,51.57557325
E02000833,Southwark 027,533056,175544,-0.086027064,51.46324052
E02000830,Southwark 024,533222,176304,-0.08334992,51.47002913
E02000835,Southwark 029,535473,174988,-0.051461218,51.45766628
E02000832,Southwark 026,534897,175782,-0.059453642,51.46494238
E02000837,Southwark 031,532640,174389,-0.092444937,51.45295484
E02000834,Southwark 028,534128,175112,-0.070775396,51.45910075
E02000179,Camden 014,527364,184448,-0.164709322,51.54456315
E02000836,Southwark 030,533737,174663,-0.076567784,51.45516354
E02000171,Camden 006,527720,185392,-0.159226874,51.55297039
E02000178,Camden 013,524904,184628,-0.20009611,51.54673252
E02000173,Camden 008,526739,185047,-0.173491807,51.55008607
E02000170,Camden 005,524893,185376,-0.199984667,51.553456
E02000175,Camden 010,525484,184988,-0.191609758,51.54984134
E02000172,Camden 007,528405,185077,-0.149470703,51.54997897
E02000696,Merton 008,527519,170168,-0.167623404,51.41619953
E02000614,Kingston upon Thames 017,519568,165856,-0.283361896,51.37917029
E02000697,Merton 009,525315,170112,-0.19932458,51.41617967
E02000617,Kingston upon Thames 020,517762,163825,-0.309959892,51.3612981
E02000779,Redbridge 029,543211,186833,0.064637093,51.56219798
E02000616,Kingston upon Thames 019,518907,163980,-0.29346869,51.36245169
E02000773,Redbridge 023,544409,187649,0.082245861,51.56923028
E02000770,Redbridge 020,545113,187959,0.092518458,51.57183522
E02000774,Redbridge 024,545617,187584,0.099630707,51.56833
E02000772,Redbridge 022,546420,187846,0.111321877,51.57047851
E02000776,Redbridge 026,543991,187220,0.076047126,51.56548189
E02000777,Redbridge 027,541077,186938,0.033915191,51.56368209
E02000428,Haringey 032,532939,188252,-0.08292065,51.57746467
E02000429,Haringey 033,529605,188209,-0.131025053,51.57784985
E02000420,Haringey 024,533190,189118,-0.078976897,51.58518589
E02000421,Haringey 025,533932,189131,-0.068258614,51.58512331
E02000966,Westminster 007,526122,182298,-0.183376451,51.52552035
E02000967,Westminster 008,527783,182092,-0.159527437,51.52329257
E02000619,Lambeth 002,531204,178734,-0.111491155,51.49233579
E02000698,Merton 010,522879,169746,-0.234464194,51.41342768
E02000690,Merton 002,523688,171229,-0.222313395,51.42657874
E02000699,Merton 011,524162,169580,-0.216082525,51.41165507
E02000691,Merton 003,525370,171118,-0.198167741,51.42521378
E02000611,Kingston upon Thames 014,519816,166877,-0.2794477,51.38829674
E02000692,Merton 004,524269,170659,-0.214160085,51.42133161
E02000610,Kingston upon Thames 013,518400,166946,-0.299766866,51.38921266
E02000693,Merton 005,526908,170622,-0.176246999,51.42041575
E02000613,Kingston upon Thames 016,518556,166016,-0.297837158,51.38082116
E02000694,Merton 006,526059,170522,-0.188484278,51.41970136
E02000612,Kingston upon Thames 015,521936,166678,-0.249059284,51.38605636
E02000695,Merton 007,528484,170334,-0.153688551,51.41747131
E02000615,Kingston upon Thames 018,518330,164818,-0.301479618,51.37010655
E02000512,Hillingdon 019,507973,182391,-0.444841553,51.53011457
E02000593,Kensington and Chelsea 017,525715,178198,-0.190704737,51.48876292
E02000515,Hillingdon 022,505786,181423,-0.476661619,51.5218315
E02000594,Kensington and Chelsea 018,527655,178058,-0.162826978,51.48706979
E02000514,Hillingdon 021,510239,181676,-0.412416706,51.52324922
E02000595,Kensington and Chelsea 019,526890,177908,-0.173890409,51.48589659
E02000517,Hillingdon 024,508631,181315,-0.435703757,51.52031597
E02000596,Kensington and Chelsea 020,526247,177915,-0.183149126,51.48610369
E02000516,Hillingdon 023,511777,181357,-0.390355375,51.5200833
E02000597,Kensington and Chelsea 021,526424,177364,-0.180794468,51.48111204
E02000278,Enfield 002,535260,198969,-0.045308178,51.67321918
E02000279,Enfield 003,536700,198688,-0.024603663,51.67034355
E02000270,Ealing 033,519998,179707,-0.272481679,51.50357078
E02000271,Ealing 034,520983,179403,-0.258402094,51.5006249
E02000275,Ealing 038,512852,178992,-0.375623305,51.49861273
E02000272,Ealing 035,516354,179353,-0.325082109,51.50115147
E02000422,Haringey 026,532677,188893,-0.086453443,51.58328222
E02000423,Haringey 027,531982,188711,-0.096553727,51.58181419
E02000424,Haringey 028,530715,188589,-0.114869006,51.58100747
E02000425,Haringey 029,533895,188366,-0.069090677,51.578262
E02000426,Haringey 030,528023,188249,-0.153827852,51.57857185
E02000427,Haringey 031,531665,188258,-0.101294878,51.57781353
E02000519,Hillingdon 026,510423,180820,-0.410040881,51.51552451
E02000598,Kingston upon Thames 001,518316,171046,-0.299609898,51.42608352
E02000518,Hillingdon 025,506753,180993,-0.462854837,51.51778132
E02000599,Kingston upon Thames 002,520819,170564,-0.263782005,51.42122548
E02000511,Hillingdon 018,509419,182552,-0.42396587,51.53128068
E02000590,Kensington and Chelsea 014,527318,178629,-0.167467474,51.49227908
E02000510,Hillingdon 017,507254,182806,-0.45508779,51.53398401
E02000591,Kensington and Chelsea 015,525193,178603,-0.19807361,51.49252426
E02000513,Hillingdon 020,511258,182289,-0.397548657,51.52856021
E02000592,Kensington and Chelsea 016,526433,178573,-0.180236449,51.49197176
E02000952,Wandsworth 030,528535,172430,-0.152202468,51.43629748
E02000860,Sutton 021,526249,163314,-0.18831606,51.3548852
E02000978,Westminster 019,527567,179467,-0.163587477,51.49975807
E02000949,Wandsworth 027,527688,172998,-0.164171103,51.44159507
E02000245,Ealing 008,512308,183041,-0.382178113,51.53511153
E02000436,Harrow 004,512961,191613,-0.370012624,51.61202266
E02000331,Greenwich 019,541861,177048,0.041238441,51.47461466
E02000339,Greenwich 027,542964,175012,0.056293656,51.45603926
E02000332,Greenwich 020,543745,177088,0.068362938,51.47450302
E02000333,Greenwich 021,540377,176675,0.019737487,51.47162929
E02000334,Greenwich 022,541700,176338,0.038638962,51.46827193
E02000335,Greenwich 023,543100,175733,0.058534448,51.46249043
E02000809,Southwark 003,533626,179765,-0.076230693,51.50103536
E02000337,Greenwich 025,541966,175328,0.042061957,51.45913222
E02000808,Southwark 002,532239,179905,-0.096149324,51.50261629
E02000889,Tower Hamlets 026,534503,180584,-0.063287851,51.50818986
E02000888,Tower Hamlets 025,535291,180886,-0.05183161,51.51071447
E02000291,Enfield 015,533483,195836,-0.072194007,51.64549052
E02000883,Tower Hamlets 020,537891,181247,-0.014243987,51.51332644
E02000054,Barnet 031,522572,189661,-0.23196081,51.59247686
E02000292,Enfield 016,534007,195720,-0.064664635,51.64432128
E02000040,Barnet 017,523469,191884,-0.218226248,51.61225949
E02000736,Newham 023,543246,183455,0.063766548,51.531834
E02000969,Westminster 010,525394,181845,-0.194021529,51.52161231
E02000148,Bromley 022,543225,167945,0.057190297,51.39247276
E02000968,Westminster 009,527027,182120,-0.170405949,51.5237186
E02000141,Bromley 015,535155,169221,-0.058234942,51.40591717
E02000142,Bromley 016,541478,169190,0.032598622,51.40410059
E02000140,Bromley 014,546694,169240,0.107554319,51.40322677
E02000144,Bromley 018,540140,168568,0.01311812,51.39884178
E02000145,Bromley 019,547585,168308,0.119957366,51.39461608
E02000146,Bromley 020,541678,168138,0.03505418,51.39460011
E02000147,Bromley 021,539146,167976,-0.001379583,51.39376223
E02000960,Westminster 001,527087,183324,-0.16910915,51.53452541
E02000961,Westminster 002,526013,183190,-0.184630697,51.53356549
E02000430,Haringey 034,530415,188188,-0.119348671,51.57747353
E02000962,Westminster 003,526652,182700,-0.17559765,51.52901395
E02000431,Haringey 035,528934,187694,-0.140892667,51.5733742
E02000963,Westminster 004,524374,182672,-0.208427862,51.52927308
E02000432,Haringey 036,531142,187586,-0.109084793,51.57189522
E02000433,Harrow 001,517088,192528,-0.310135143,51.61940478
E02000964,Westminster 005,524908,182500,-0.200798373,51.5276064
E02000434,Harrow 002,518335,191737,-0.292396589,51.61203525
E02000965,Westminster 006,525517,182390,-0.192055251,51.52648529
E02000435,Harrow 003,516223,191811,-0.322856751,51.61314091
E02000801,Richmond upon Thames 018,515554,171567,-0.339140305,51.43132878
E02000249,Ealing 012,514390,182328,-0.352401366,51.52828488
E02000880,Tower Hamlets 017,535082,181604,-0.054565352,51.51721796
E02000437,Harrow 005,515131,191036,-0.338867661,51.60639736
E02000800,Richmond upon Thames 017,517113,172110,-0.316554664,51.43589664
E02000241,Ealing 004,513624,184477,-0.362739614,51.54775463
E02000881,Tower Hamlets 018,538159,181621,-0.010239721,51.51662691
E02000248,Ealing 011,518591,182524,-0.291799372,51.52917966
E02000803,Richmond upon Thames 020,512917,171104,-0.377216652,51.42770101
E02000243,Ealing 006,514746,183409,-0.346925247,51.53792727
E02000882,Tower Hamlets 019,536191,181568,-0.03860745,51.51662185
E02000240,Ealing 003,513060,184840,-0.370765676,51.5511297
E02000884,Tower Hamlets 021,534340,181245,-0.065392602,51.51416063
E02000244,Ealing 007,516061,183283,-0.328015082,51.5365279
E02000802,Richmond upon Thames 019,514519,171259,-0.354126103,51.4287765
E02000242,Ealing 005,517186,183743,-0.311640781,51.54043302
E02000885,Tower Hamlets 022,535204,181066,-0.053006158,51.51234591
E02000246,Ealing 009,511351,183048,-0.39596569,51.53536177
E02000805,Richmond upon Thames 022,517116,170380,-0.317076456,51.42034586
E02000247,Ealing 010,513184,182917,-0.369592988,51.53382027
E02000886,Tower Hamlets 023,536676,181010,-0.031835069,51.51148921
E02000804,Richmond upon Thames 021,515904,170933,-0.334326622,51.42555964
E02000737,Newham 024,542787,183074,0.056997551,51.52853215
E02000887,Tower Hamlets 024,537334,181013,-0.022364632,51.51135893
E02000734,Newham 021,540045,183571,0.017699618,51.53368177
E02000548,Hounslow 023,508850,173619,-0.434919315,51.45110674
E02000807,Southwark 001,535864,180082,-0.043883307,51.50335241
E02000549,Hounslow 024,511182,173516,-0.401397186,51.4497229
E02000149,Bromley 023,546360,167830,0.102175663,51.39064377
E02000540,Hounslow 015,514744,176034,-0.349342771,51.47164925
E02000806,Richmond upon Thames 023,513370,169983,-0.371053923,51.41753216
E02000541,Hounslow 016,511754,175932,-0.39240996,51.47132354
E02000542,Hounslow 017,512831,175653,-0.37699737,51.46860206
E02000543,Hounslow 018,513694,175310,-0.364691739,51.46535106
E02000544,Hounslow 019,514638,175044,-0.351186538,51.46277041
E02000545,Hounslow 020,516015,174921,-0.331421952,51.46138406
E02000744,Newham 031,540506,181988,0.023710514,51.51934414
E02000745,Newham 032,541646,181678,0.040009315,51.51627365
E02000746,Newham 033,543422,181358,0.065456366,51.51295061
E02000747,Newham 034,540094,181137,0.017433717,51.51180222
E02000438,Harrow 006,513434,191098,-0.363354407,51.60730078
E02000439,Harrow 007,519279,190880,-0.279055457,51.60413922
E02000188,Camden 023,529038,182739,-0.14120167,51.52882125
E02006918,Hackney 028,535131,186834,-0.051855067,51.56420266
E02000189,Camden 024,530653,182653,-0.117974898,51.52767977
E02000109,Brent 017,519461,185246,-0.278350079,51.55346326
E02000929,Wandsworth 007,526785,175667,-0.176203467,51.46578384
E02000108,Brent 016,516204,185568,-0.325191084,51.55703317
E02000101,Brent 009,520037,186588,-0.269589144,51.56540105
E02000180,Camden 015,529701,184495,-0.131006927,51.54445107
E02000181,Camden 016,525803,184322,-0.187244092,51.54378389
E02000928,Wandsworth 006,523562,175707,-0.222570252,51.46684793
E02000182,Camden 017,526635,184161,-0.175312422,51.5421505
E02000100,Brent 008,516769,186863,-0.316614165,51.56855451
E02000183,Camden 018,528182,184011,-0.153071059,51.5404473
E02000103,Brent 011,522554,186403,-0.233351772,51.56319491
E02000184,Camden 019,529315,183906,-0.136791231,51.53924707
E02000102,Brent 010,521570,186592,-0.247474491,51.5651115
E02000878,Tower Hamlets 015,533983,181761,-0.070326683,51.51888397
E02000051,Barnet 028,524880,189971,-0.198540829,51.59475515
E02000053,Barnet 030,521401,189680,-0.248844367,51.59289444
E02000050,Barnet 027,526408,190629,-0.176260853,51.60032915
E02000055,Barnet 032,523219,189187,-0.222787113,51.58807586
E02000052,Barnet 029,526882,189730,-0.169743751,51.59213687
E02000056,Barnet 033,526328,188868,-0.178051282,51.58451561
E02000057,Barnet 034,523676,188716,-0.216367603,51.5837399
E02000870,Tower Hamlets 007,535453,182807,-0.04876255,51.52793176
E02000871,Tower Hamlets 008,537769,182628,-0.015459536,51.52576891
E02000872,Tower Hamlets 009,534072,182482,-0.06876959,51.52534798
E02000873,Tower Hamlets 010,535903,182525,-0.042383506,51.52529179
E02000874,Tower Hamlets 011,535200,182396,-0.052560974,51.52430544
E02000875,Tower Hamlets 012,537323,182236,-0.022046022,51.52235617
E02000876,Tower Hamlets 013,534782,182159,-0.058670716,51.5222749
E02000877,Tower Hamlets 014,536834,181923,-0.029204834,51.51965682
E02000641,Lambeth 024,531164,173521,-0.113990384,51.44550076
E02000648,Lambeth 031,532166,171374,-0.100383308,51.42597135
E02000643,Lambeth 026,530416,172790,-0.125019492,51.43910426
E02000640,Lambeth 023,529408,173557,-0.139236155,51.44622809
E02000645,Lambeth 028,532117,172302,-0.100740119,51.43432062
E02000642,Lambeth 025,531961,173308,-0.102618954,51.4433957
E02000647,Lambeth 030,531279,171647,-0.113030292,51.42863253
E02000644,Lambeth 027,531224,172474,-0.113516504,51.43607075
E02000739,Newham 026,540506,182898,0.024077001,51.52752367
E02000646,Lambeth 029,530108,172252,-0.129652821,51.43434105
E02000731,Newham 018,542326,183710,0.05061787,51.53435942
E02000738,Newham 025,541819,183017,0.043034334,51.52826333
E02000733,Newham 020,539376,183582,0.008065645,51.53394284
E02000730,Newham 017,540846,184060,0.029428729,51.53787997
E02000735,Newham 022,541022,183372,0.031695055,51.53164773
E02000732,Newham 019,541812,183626,0.043186271,51.53373746
E02000185,Camden 020,525796,183778,-0.187539269,51.53889673
E02000105,Brent 013,517090,185799,-0.312340063,51.55892458
E02000186,Camden 021,528978,183428,-0.141812302,51.53502806
E02000104,Brent 012,518431,186204,-0.292878386,51.56229273
E02000187,Camden 022,529575,183109,-0.133325987,51.53202939
E02000107,Brent 015,523561,185642,-0.21909535,51.55614201
E02000921,Waltham Forest 027,538872,186041,0.001774261,51.55617091
E02000106,Brent 014,521409,185837,-0.250065149,51.55835725
E02000923,Wandsworth 001,527545,176957,-0.164808326,51.47720212
E02000920,Waltham Forest 026,537782,186592,-0.013721299,51.56138801
E02000925,Wandsworth 003,527657,176541,-0.163349137,51.47343715
E02000922,Waltham Forest 028,539559,186007,0.011666084,51.55569564
E02000927,Wandsworth 005,528334,175927,-0.153821776,51.46776975
E02000924,Wandsworth 002,528891,176829,-0.145474741,51.47574841
E02000649,Lambeth 032,530041,171401,-0.13091805,51.42670635
E02000926,Wandsworth 004,526967,176386,-0.17332119,51.47219703
E02000897,Waltham Forest 003,539126,193162,0.008256132,51.62009205
E02000817,Southwark 011,535028,178723,-0.056437401,51.49134058
E02000069,Bexley 005,549970,178230,0.158411956,51.48314524
E02000816,Southwark 010,534477,178628,-0.06441144,51.4906131
E02000061,Barnet 038,525104,187337,-0.196251459,51.57103065
E02000068,Bexley 004,550920,178452,0.172182484,51.48488449
E02000063,Barnet 040,524105,186600,-0.210923933,51.5646315
E02000060,Barnet 037,524261,188045,-0.208164162,51.57758014
E02000065,Bexley 001,547671,180930,0.126458285,51.50801068
E02000062,Barnet 039,523468,187002,-0.219970941,51.56837747
E02000067,Bexley 003,549123,178812,0.146474515,51.4886031
E02000064,Barnet 041,524816,186329,-0.200757774,51.56203996
E02006929,Greenwich 036,539656,178579,0.010111839,51.48891704
E02000066,Bexley 002,547858,179365,0.128498526,51.49390364
E02000159,Bromley 033,542457,165408,0.045137009,51.36986811
E02006928,Greenwich 035,537691,177667,-0.018520445,51.48120342
E02000898,Waltham Forest 004,538182,193097,-0.005394189,51.61974019
E02000306,Enfield 030,534480,193074,-0.058850488,51.62042729
E02000899,Waltham Forest 005,537313,192932,-0.018008184,51.61847098
E02000819,Southwark 013,533903,178446,-0.072745966,51.48911886
E02000890,Tower Hamlets 027,534773,180239,-0.059538623,51.50502466
E02000818,Southwark 012,532670,178664,-0.090407966,51.49136688
E02000810,Southwark 004,534109,179386,-0.069425925,51.4975168
E02000891,Tower Hamlets 028,538407,180372,-0.007152692,51.50533957
E02000893,Tower Hamlets 030,538495,178877,-0.006472941,51.49188437
E02000813,Southwark 007,535293,179433,-0.052357734,51.49765134
E02000894,Tower Hamlets 031,537538,178651,-0.020333588,51.49008972
E02000812,Southwark 006,532950,179368,-0.086110726,51.49762697
E02000895,Waltham Forest 001,537837,194698,-0.009753313,51.63421459
E02000815,Southwark 009,532322,179213,-0.09521732,51.49638035
E02000896,Waltham Forest 002,538828,194298,0.004396391,51.63037083
E02000814,Southwark 008,536343,179308,-0.037292315,51.49627904
E02000972,Westminster 013,529145,181594,-0.140081881,51.51851196
E02000973,Westminster 014,525374,181343,-0.194488258,51.51710238
E02000974,Westminster 015,527140,181242,-0.169088402,51.5157984
E02000975,Westminster 016,526385,181044,-0.180037689,51.51418968
E02000976,Westminster 017,525837,180995,-0.187944574,51.51387506
E02000977,Westminster 018,529909,180720,-0.129406057,51.51048113
E02000748,Newham 035,542417,181346,0.050975419,51.51309621
E02000749,Newham 036,540850,181271,0.028372589,51.51281346
E02000740,Newham 027,539620,182659,0.011212169,51.52558772
E02000741,Newham 028,541245,182738,0.034650068,51.52589761
E02000742,Newham 029,542510,182383,0.052732544,51.52239454
E02000743,Newham 030,539924,182146,0.015394877,51.52090571
E02000059,Barnet 036,521940,188239,-0.241573551,51.57983532
E02000366,Hackney 022,535694,184226,-0.044742324,51.54062979
E02000879,Tower Hamlets 016,535471,181566,-0.048974502,51.51678117
E02000058,Barnet 035,524962,188623,-0.197840395,51.58261777
E02006921,Hackney 029,534537,186964,-0.060361441,51.56550582
E02000158,Bromley 032,547269,165629,0.11430739,51.37062843
E02000979,Westminster 020,529577,179134,-0.134759037,51.49630298
E02006925,Redbridge 036,542380,189197,0.053610202,51.58364876
E02000151,Bromley 025,544833,167275,0.080007066,51.3860437
E02006924,Redbridge 035,542745,187762,0.058293188,51.57066759
E02000150,Bromley 024,537018,167794,-0.032020492,51.39264495
E02006927,Greenwich 034,540652,175057,0.023052979,51.45702286
E02000152,Bromley 026,542808,167194,0.050901271,51.38583221
E02000153,Bromley 027,539896,166722,0.008887957,51.38231472
E02000154,Bromley 028,545996,166592,0.096437495,51.37960704
E02000155,Bromley 029,547148,166562,0.112959404,51.37904387
E02000971,Westminster 012,527599,181541,-0.162373967,51.51838976
E02000157,Bromley 031,544711,165803,0.077654845,51.37285346
E02000970,Westminster 011,528384,181602,-0.151037122,51.51875754
E02000156,Bromley 030,538322,165982,-0.0140006,51.37605369
E02000484,Havering 021,552283,187041,0.195513257,51.56169044
E02000402,Haringey 006,532988,191079,-0.081146004,51.60285599
E02000485,Havering 022,555099,186659,0.23593135,51.55749817
E02000405,Haringey 009,529479,190550,-0.131977539,51.5989186
E02000486,Havering 023,553176,186123,0.207981431,51.55320368
E02000404,Haringey 008,531698,190813,-0.099864912,51.60077221
E02000487,Havering 024,556017,185778,0.248777068,51.54932668
E02000407,Haringey 011,533495,190261,-0.074136537,51.59538544
E02000569,Islington 016,532022,184395,-0.097597756,51.54302039
E02000406,Haringey 010,531673,190327,-0.100400452,51.59640826
E02000561,Islington 008,529695,185997,-0.130539624,51.55795048
E02000568,Islington 015,530571,184682,-0.118393934,51.54593001
E02000563,Islington 010,529977,185488,-0.126661156,51.55331824
E02000560,Islington 007,530568,186198,-0.117882796,51.55955925
E02000565,Islington 012,532956,185220,-0.083826571,51.55021134
E02000562,Islington 009,532124,185760,-0.095614367,51.55526373
E02000755,Redbridge 005,542267,191527,0.052933847,51.60461258
E02000752,Redbridge 002,546470,192337,0.113921156,51.61081819
E02000757,Redbridge 007,540145,190693,0.021970222,51.59765112
E02000754,Redbridge 004,541372,191924,0.040171216,51.60840789
E02000488,Havering 025,553473,185452,0.21197119,51.54709334
E02000756,Redbridge 006,544390,191215,0.08344266,51.60127576
E02000489,Havering 026,552379,185374,0.196164728,51.54668732
E02000409,Haringey 013,532818,190183,-0.083934476,51.59484464
E02000480,Havering 017,550326,187932,0.167672037,51.57022155
E02000408,Haringey 012,534098,190274,-0.065427096,51.59536073
E02000481,Havering 018,557534,187726,0.271504051,51.5664102
E02000401,Haringey 005,532396,191117,-0.089671535,51.60333397
E02000482,Havering 019,556621,187306,0.258159189,51.56288456
E02000400,Haringey 004,529868,191161,-0.126136859,51.60432007
E02000483,Havering 020,553850,187125,0.218125048,51.56202229
E02000403,Haringey 007,531016,190979,-0.10963202,51.60241571
E02000380,Hammersmith and Fulham 009,522934,179229,-0.230377415,51.49863922
E02000308,Enfield 032,529265,192265,-0.134436536,51.61437984
E02000381,Hammersmith and Fulham 010,523837,179199,-0.217391202,51.49817206
E02000301,Enfield 025,535138,193749,-0.049086549,51.62633708
E02000382,Hammersmith and Fulham 011,522259,178698,-0.240275361,51.4940174
E02000300,Enfield 024,534052,194201,-0.064600376,51.63065599
E02000383,Hammersmith and Fulham 012,524371,178644,-0.209890731,51.49306821
E02000303,Enfield 027,533766,193358,-0.069040797,51.62315121
E02000384,Hammersmith and Fulham 013,523153,178462,-0.227484057,51.4916974
E02000302,Enfield 026,532043,193409,-0.093906879,51.62401394
E02000385,Hammersmith and Fulham 014,524329,178166,-0.21066111,51.4887813
E02000305,Enfield 029,531161,193151,-0.106727118,51.62190194
E02000386,Hammersmith and Fulham 015,524725,177991,-0.205019679,51.48712057
E02000304,Enfield 028,530076,193335,-0.122330705,51.62380529
E02000387,Hammersmith and Fulham 016,524028,177741,-0.215143417,51.48503339
E02000307,Enfield 031,532982,192957,-0.08052483,51.61973653
E02000567,Islington 014,532689,184717,-0.087857686,51.54575174
E02000564,Islington 011,530827,185372,-0.11445794,51.55207813
E02000259,Ealing 022,515430,180949,-0.337866123,51.51568471
E02000566,Islington 013,531450,185116,-0.105570072,51.54962909
E02000251,Ealing 014,513589,182067,-0.364019588,51.52610586
E02000258,Ealing 021,520046,180977,-0.271370476,51.51497141
E02000253,Ealing 016,515478,181738,-0.336912491,51.52276348
E02000250,Ealing 013,517388,182140,-0.309268339,51.52597825
E02000255,Ealing 018,516273,181453,-0.325558542,51.52003881
E02000252,Ealing 015,520661,181643,-0.262276063,51.52082161
E02000257,Ealing 020,518258,181105,-0.297081758,51.51649849
E02000254,Ealing 017,513002,181470,-0.372671262,51.52085619
E02000388,Hammersmith and Fulham 017,525112,177549,-0.199606104,51.48306647
E02000256,Ealing 019,516994,181052,-0.3153021,51.51628475
E02000389,Hammersmith and Fulham 018,523616,177310,-0.221222315,51.48124652
E02000309,Enfield 033,534462,192222,-0.059429992,51.6127798
E02000072,Bexley 008,551988,177108,0.186977425,51.4725275
E02000073,Bexley 009,547743,176947,0.125827461,51.47220692
E02000074,Bexley 010,551322,176678,0.177202999,51.46883756
E02000075,Bexley 011,548838,176670,0.141466601,51.46942817
E02000128,Bromley 002,543773,171336,0.066428673,51.42281061
E02000077,Bexley 013,547032,176405,0.115372897,51.46751473
E02006930,Greenwich 037,539670,178186,0.010167485,51.48538379
E02006931,Greenwich 038,538048,176933,-0.013664827,51.47452577
E02000121,Brent 029,518129,183961,-0.297973339,51.54218949
E02000948,Wandsworth 026,528898,173019,-0.146765627,51.44150323
E02000123,Brent 031,521735,183417,-0.246188749,51.53653563
E02000120,Brent 028,524923,183883,-0.200082937,51.54003266
E02000125,Brent 033,522992,183126,-0.228185547,51.5336507
E02000122,Brent 030,523409,183845,-0.221922398,51.54002327
E02000127,Bromley 001,542342,172020,0.046143798,51.4293163
E02000124,Brent 032,524022,183158,-0.213324717,51.53371457
E02000313,Greenwich 001,546937,180502,0.115713769,51.50435957
E02000392,Hammersmith and Fulham 021,524864,176804,-0.203440662,51.47642737
E02000312,Enfield 036,530536,192019,-0.116176399,51.61187605
E02000393,Hammersmith and Fulham 022,524257,176754,-0.212193989,51.47611312
E02000315,Greenwich 003,546793,179313,0.113142073,51.49371007
E02000394,Hammersmith and Fulham 023,526107,176352,-0.185716646,51.47208585
E02000314,Greenwich 002,545553,180118,0.095626449,51.50126593
E02000395,Hammersmith and Fulham 024,524541,176164,-0.208312559,51.47074183
E02000317,Greenwich 005,542520,178686,0.05138678,51.48916989
E02000396,Hammersmith and Fulham 025,525615,176049,-0.192897069,51.46947411
E02000316,Greenwich 004,543169,179026,0.060858639,51.4920606
E02000397,Haringey 001,530542,191308,-0.1163534,51.60548448
E02000078,Bexley 014,550617,176365,0.166936557,51.46621603
E02000079,Bexley 015,548598,175526,0.137535531,51.45920753
E02000070,Bexley 006,548435,177843,0.13615768,51.48007551
E02000071,Bexley 007,549884,177256,0.156759276,51.47441339
E02000667,Lewisham 015,536592,174537,-0.035538669,51.45334383
E02000664,Lewisham 012,538349,175132,-0.010049123,51.45827006
E02006788,Croydon 045,535001,167659,-0.061048672,51.39192274
E02000666,Lewisham 014,537192,174851,-0.026795232,51.45601854
E02006782,Bromley 040,540356,171127,0.01723561,51.42178509
E02006789,Bromley 042,542294,159008,0.040245098,51.3124017
E02006784,Lewisham 038,538983,171259,-0.002448912,51.42331191
E02006783,Lewisham 037,539914,171814,0.011158716,51.42806345
E02006785,Bexley 029,545784,176509,0.097471879,51.46877203
E02000759,Redbridge 009,541067,190446,0.035179616,51.59520493
E02006786,Greenwich 033,546019,177888,0.101417799,51.48110598
E02000758,Redbridge 008,542857,190455,0.061006834,51.59483208
E02000751,Redbridge 001,540556,192304,0.028552935,51.61202487
E02006787,Bromley 041,536417,168612,-0.040337917,51.40014496
E02000753,Redbridge 003,545484,192218,0.099639105,51.61000387
E02000750,Newham 037,542399,180116,0.050213316,51.50204482
E02000126,Brent 034,525191,183058,-0.196521997,51.53255866
E02000941,Wandsworth 019,526212,174031,-0.185028115,51.4512013
E02000943,Wandsworth 021,528448,173686,-0.152996957,51.44759923
E02000940,Wandsworth 018,525650,174232,-0.193041987,51.45313684
E02000945,Wandsworth 023,522257,173467,-0.24212103,51.44700068
E02000942,Wandsworth 020,524821,173878,-0.205097265,51.45013599
E02000947,Wandsworth 025,525256,173154,-0.199097037,51.44353565
E02000944,Wandsworth 022,524092,173609,-0.215672509,51.44788288
E02000669,Lewisham 017,538790,174128,-0.004090613,51.44913492
E02000946,Wandsworth 024,526283,173136,-0.184326282,51.44314908
E02000661,Lewisham 009,539401,175644,0.00528599,51.46260937
E02000668,Lewisham 016,539796,174220,0.010413722,51.449715
E02000663,Lewisham 011,537571,175605,-0.021046611,51.46270269
E02000660,Lewisham 008,537085,176045,-0.027872922,51.46677755
E02000665,Lewisham 013,539198,174911,0.002078417,51.45607077
E02000662,Lewisham 010,536108,175621,-0.042084671,51.46320126
E02000726,Newham 013,538417,183904,-0.005629996,51.53707454
E02000727,Newham 014,541354,184263,0.036832712,51.53957287
E02000498,Hillingdon 005,508340,188014,-0.437831911,51.5805853
E02000419,Haringey 023,531455,189157,-0.103979183,51.58594401
E02000499,Hillingdon 006,511338,187803,-0.394647636,51.57810486
E02000418,Haringey 022,529756,189186,-0.128483684,51.58659421
E02000411,Haringey 015,534468,190147,-0.060141064,51.59413029
E02000490,Havering 027,552238,184259,0.193650087,51.53671168
E02000410,Haringey 014,528705,190121,-0.143302354,51.59523798
E02000491,Havering 028,551421,183227,0.181443729,51.52765663
E02000413,Haringey 017,528036,189768,-0.153082484,51.59221684
E02000492,Havering 029,553545,182865,0.211877397,51.52383036
E02000412,Haringey 016,531169,189924,-0.107819381,51.59290298
E02000493,Havering 030,552655,182094,0.198729004,51.51714984
E02000494,Hillingdon 001,508893,191646,-0.42872007,51.61312503
E02000415,Haringey 019,531949,189605,-0.096692205,51.58985014
E02006799,Barking and Dagenham 023,547489,186783,0.126286272,51.56064943
E02006798,Lewisham 039,536812,177305,-0.031313064,51.47817111
E02006792,Hounslow 029,520157,178412,-0.270643236,51.49189152
E02006791,Ealing 040,520415,179194,-0.266653531,51.49887201
E02006794,Haringey 037,533769,191201,-0.069825755,51.60376886
E02006793,Enfield 037,533373,192179,-0.075168333,51.61264712
E02006795,Harrow 032,512630,187031,-0.376252717,51.57090747
E02000729,Newham 016,540232,183945,0.020537527,51.53699431
E02006796,Hillingdon 033,511572,185651,-0.39195062,51.5587131
E02000728,Newham 015,542898,184196,0.059051727,51.53858121
E02000720,Newham 007,541111,185163,0.033698261,51.54772332
E02000721,Newham 008,540682,184772,0.027357462,51.5443131
E02000722,Newham 009,539689,184699,0.013011633,51.54390726
E02000723,Newham 010,542431,184702,0.052535343,51.54324526
E02000724,Newham 011,541689,184695,0.041835601,51.54336923
E02000725,Newham 012,539019,184596,0.003321577,51.5431424
E02000228,Croydon 035,533518,161819,-0.084540271,51.33978772
E02000229,Croydon 036,538817,161779,-0.008524669,51.33815793
E02000220,Croydon 027,532588,164791,-0.09677675,51.36671727
E02000221,Croydon 028,531576,164204,-0.111516363,51.36167289
E02000222,Croydon 029,532987,163895,-0.09138074,51.35856681
E02000223,Croydon 030,537984,163388,-0.01985123,51.35282302
E02000224,Croydon 031,532466,162871,-0.099247568,51.349486
E02000225,Croydon 032,538402,162741,-0.014116819,51.34690539
E02000226,Croydon 033,534867,162647,-0.064878492,51.34691052
E02000227,Croydon 034,536263,162640,-0.044841445,51.34651576
E02000319,Greenwich 007,544806,178557,0.084230102,51.48742737
E02000398,Haringey 002,534542,191190,-0.058674755,51.60348169
E02000390,Hammersmith and Fulham 019,524450,177244,-0.209250104,51.48046899
E02000318,Greenwich 006,545487,178583,0.094044325,51.48748433
E02000391,Hammersmith and Fulham 020,525615,176884,-0.192606146,51.47698234
E02000311,Enfield 035,531799,192140,-0.097900501,51.61267399
E02000495,Hillingdon 002,509807,190826,-0.415784658,51.6055731
E02000414,Haringey 018,533158,189768,-0.0791927,51.59103151
E02000496,Hillingdon 003,505268,190418,-0.481427558,51.60277307
E02000417,Haringey 021,528773,189251,-0.142640599,51.58740768
E02000497,Hillingdon 004,510365,189115,-0.408271689,51.59008898
E02000416,Haringey 020,530402,189395,-0.119086695,51.58832599
E02000578,Kensington and Chelsea 002,523498,181949,-0.221303876,51.52296077
E02000579,Kensington and Chelsea 003,523729,181398,-0.218168978,51.51796338
E02000570,Islington 017,531198,184186,-0.109540409,51.54132905
E02000571,Islington 018,532285,183853,-0.094003958,51.5380903
E02000572,Islington 019,530664,183654,-0.117437681,51.53667284
E02000573,Islington 020,531721,183462,-0.102284049,51.53470607
E02000574,Islington 021,530961,183034,-0.113394859,51.53103647
E02000575,Islington 022,531653,182463,-0.103638458,51.5257424
E02000576,Islington 023,532360,182456,-0.093452977,51.52551255
E02000577,Kensington and Chelsea 001,524350,182031,-0.208992634,51.52351391
E02000048,Barnet 025,523878,190774,-0.212724446,51.60219278
E02000049,Barnet 026,521538,190732,-0.246502419,51.60232064
E02000869,Tower Hamlets 006,533836,182826,-0.072046894,51.52849346
E02006853,Tower Hamlets 032,537430,179511,-0.021555072,51.49784021
